0,如何设置打卡规则？,"[TOC]
### 添加打卡规则
设置入口：【管理后台】>【企业应用】>【打卡】>【上下班打卡】>【设置】>【添加规则】查看
1 / 选择规则类型
![](https://wework.qpic.cn/wwpic/235101_A8GzfnOATIWalLL_1630051919/0)
- 在上下班打卡中，有三种打卡规则可选：
- 固定时间上下班：员工按照相同时间打卡，适合办公时间固定的上班族。
- 按班次上下班：员工按照各自排班时间打卡，适合分早/晚班办公的企业或部门。
- 自由上下班：员工无打卡时间限制，可随时打卡并记录工作时长，只统计旷工。适合上下班时间不固定的企业或部门。
2 / 添加打卡人员
![](https://wework.qpic.cn/wwpic/767339_ao3zP-p5QcK2LsZ_1630052147/0)
- 打卡人员是指适用于该条打卡规则的部门和成员。你可以对根据工作性质和工作内容，对不同部门的成员设置适合他们的打卡规则。如需要“三班倒”的设备运维部门按班次上下班，而办公时间更灵活的销售部使用自由上下班等。
- 领导或者特殊员工可在此通过配置白名单，不参与打卡。
- 3/ 选择打卡方式
- 手机打卡
- 打卡人员直接使用手机作为打卡设备，可通过手机定位、连接指定Wi-Fi来确定打卡范围，相比传统打卡更加自由灵活。
- 智能考勤机
- 打卡人员需要到指定的企业微信智能考勤机打卡，打卡记录在考勤机联网时可实时同步到企业微信，可随时在手机和电脑查看记录。
- U盘导入
- 对于使用传统U盘考勤机的用户，在企业微信通讯录导出到考勤机后，可定期导入打卡记录到企业微信，并按照设置的打卡规则核算打卡记录。
![](https://wework.qpic.cn/wwpic/504656_FRQoINvYQOyjpnX_1630052876/0)
4 / 设置打卡地点和打卡范围
- 在打卡地点的选择上，若打卡方式为手机打卡，企业微信会通过确认打卡人打卡位置，或判断打卡人是否连上办公地点的WIFI为主要依据，满足其中任意一项即可打卡；若为智能考勤机打卡，打卡人员则只能在指定考勤机上进行打卡。
- 添加打卡位置：
- 在地图中添加企业办公地点为打卡地点，以该地点为中心，100至300米范围内均可成为打卡有效范围，员工携带安装有企业微信的手机进入这个指定区域，即可用手机打卡。
- WIFI打卡：
- 添加办公地点的WIFI，员工手机连上此WIFI即可打卡。添加WIFI需提交WiFi的MAC地址/bssid，你可向你的网络IT管理员询问，也可以用手机连上需要添加的WIFI后用最新版的企业微信手机客户端扫描添加WIFI页面上的二维码来获取地址，快捷添加。
![](https://wework.qpic.cn/wwpic/756430_b6QIcfacQmGc98__1630053037/0)
- 智能考勤机打卡：
- 若打卡方式为智能考勤机，则需要根据设备名称选择具体的考勤机，该规则下的打卡人员只能在指定考勤机上打卡。每台考勤机有相应的人数上限，不能选择人数超限的考勤机作为打卡设备。
![](https://wework.qpic.cn/wwpic/222616_srwVc91fTb-0c9v_1630053104/0)
5 / 设置打卡时间
![](https://wework.qpic.cn/wwpic/154924_A6KEwwxYRSef5Yi_1630053168/0)
添加企业的上下班时间，你还可以在高级设置中设置允许迟到、早退的分钟数等，设计更人性化的打卡方式。

6 / 关于外出打卡
与上下班打卡不同，外出打卡是一种特殊的打卡方式，它适合出差外勤等无法在办公区域打卡的成员。配置外出打卡规则后，外出人员只需要在企业微信手机客户端中上传位置定位和拍照来作为打卡依据。为保证打卡的真实性，管理员可设置添加的照片只能通过拍照来提交，防止作弊。

### 设置特殊打卡规则
为适应不同企业和员工的个性需求，你可以在管理后台对添加的打卡规则进行特殊设置。如设置拍照打卡、补卡申请，添加特殊日期打卡等。

设置入口：【管理后台】>【企业应用】>【打卡】>【上下班打卡】>【设置】查看

1 / 拍照打卡
为防止员工打卡作弊，可设置打卡时必须拍照。
设置方法：在添加规则页面底部勾选“员工打卡必须拍照”。
设置异常打卡时提交的备注图片只能拍照上传。
设置方法：在添加规则页面底部勾选“备注不允许上传本地图片，只能拍照”。
![](https://wework.qpic.cn/wwpic/773713_FlkDkqZqRQWAZWN_1630053236/0)
2 / 补卡申请
员工因为特殊情况迟到/早退时，可提交补卡申请，审批通过后可智能校准打卡状态。
设置方法：在添加打卡规则的页面底部勾选“员工异常打卡时可提交申请，审批通过后修正异常”。设置后，【补卡申请】将会出现在【审批】应用中，员工提交补卡申请，上级审批通过后，会自动将异常打卡状态校正为正常。
![](https://wework.qpic.cn/wwpic/893064_G3wNuc4cQ5qYhIn_1630053298/0)
3 / 特殊日期打卡
除常规打卡时间，你可以根据公司的特殊放假安排（如公司周年庆、年会、集体团建等），设置必须打卡或者不用打卡的日期，人性化打卡方式更受员工的欢迎。
设置方法：在添加打卡规则页面，点击特殊日期的添加按钮。选择需要打卡的日期、时段和打卡事由。如需添加多个时间，可新增时段。设置不用打卡日期的方法同上。
如果公司在非工作日有加班需求，也可设置非工作日允许打卡，员工可自由签到，记录工作时长。
设置方法：在添加打卡规则页面，勾选“非工作日允许打卡”。
![](https://wework.qpic.cn/wwpic/32454_nt9Sn_GeT0uvK_a_1630053358/0)
4 / 设置打卡提醒
在新打卡方式的普及期间，有些员工可能会忘记打卡。为避免这种情况，你可以设置打卡提醒，在打卡时间准点或提前提醒员工打卡。
设置方法：在【添加打卡规则页面】>【提醒】的下拉列表中，选择提醒时间。届时员工的企业微信将在指定时间收到打卡提醒。
![](https://wework.qpic.cn/wwpic/367855_RJU3uGlITg6czBU_1630053411/0)
5 / 设置打卡应用的可见范围
可见范围是指在手机中可以看到打卡应用并使用该应用的人群范围。你可以在打卡应用首页进行配置。点击【修改】，从通讯录列表中选择部门和成员即可。系统默认打卡应用为所有人可见。
![](https://wework.qpic.cn/wwpic/792076__3KQqhWSRK-egI4_1630053463/0)
"
0,如何提交“打卡补卡”申请？,"方法一：
在【手机版企业微信】->【工作台】->【打卡】->【右上方菜单】->【打卡记录】中，点击异常记录，进入详情页，再点击【提交补卡申请】即可。

方法二：
点击【手机版企业微信】->【工作台】->【打卡】->【右上方菜单】->【假勤申请】，跳转到打卡记录，然后点击异常记录，进入详情页，再点击【提交补卡申请】即可。

方法三：
点击【手机版企业微信】->【工作台】->【审批】->【打卡补卡】，跳转到打卡记录，然后点击异常记录，进入详情页，再点击【提交补卡申请】即可。
![](http://p.qpic.cn/pic_wework/2302743232/c8ce38d860c96dd87c845fea8494a843132a1e6692fb2d5a/0)"
0,打卡管理手册,"若有其他使用问题，可参考[打卡管理手册](https://open.work.weixin.qq.com/wwopen/manual/detail?t=attendance ""打卡使用手册"")。"
0,如何使用“上/下班快捷打卡”功能？,"####**一、如何使用？**
当管理员为你设置的打卡规则满足快捷打卡条件时，你可选择使用上/下班快捷打卡功能。

到达上班地点后，或离开下班地点前，**打开企业微信即可自动完成快捷打卡**。

地点要求：
1. 已连接到管理员指定的WiFi；
2. 手机位置在管理员设置的打卡范围内；
3. 手机位置在蓝牙考勤机打卡范围内（仅针对使用蓝牙考勤机打卡的成员）。

####**二、上班快捷打卡**
上班时间内首次打开企业微信且满足条件，将自动打卡并发送打卡成功通知；
若打开企业微信时已经打过卡，则不会再自动打卡。

####**三、下班快捷打卡**
下班后，首次打开企业微信且满足条件，将自动打卡并发送打卡成功通知；
后续再次打开企业微信，若仍满足打卡条件，将自动更新下班打卡时间，并发送打卡成功通知。


####**四、常见问题**
Q1：如何判断自动打卡是否成功？
A1：上/下班快捷打卡完成后，会收到打卡结果通知，此外，还可到【打卡->打卡记录】中查询。

Q2：上/下班时间内打开了企业微信，但没有自动打卡?
A2：可能是不满足打卡条件导致，请确保已在打卡范围内，且根据打卡规则开启了WiFi开关、GPS开关和企业微信的定位权限。

Q3：为什么必须打开企业微信才能自动打卡？不能在后台运行时候自动打卡吗？
A3.：由于后台运行时打卡可靠性不高，很容易打卡失败，所以需要先打开企业微信，才会自动打卡。

Q4：为什么我在打卡设置中看不到“上/下班快捷打卡”开关？
A4：请确保企业微信已更新到2.7.8及以上版本。
若设置了仅考勤机打卡且考勤机非蓝牙考勤机，或拍照打卡，将无法使用快捷打卡功能；
此外，固定上下班/按班次上下班规则支持上班和下班快捷打卡，
自由上下班仅支持上班快捷打卡。

Q5：为什么提示“无法继续使用快捷打卡”？
A5：管理员修改了打卡规则，新的规则无法继续使用快捷打卡时，将发送此提示。

Q6：如何联系我们？
A6：若有其他疑惑，可通过【企业微信->我->设置->在线客服】联系我们。

####**五、安全保证**
只有在管理员为你设置的上/下班打卡时间限制范围内，且管理员为你设置的打卡规则符合快捷打卡条件时，你打开企业微信（包含企业微信从手机后台中启动或从不打卡企业切换到打卡企业），企业微信才会通过访问你的地理位置（含WiFi网络接入信息）判断是否帮你进行快捷打卡。存在下列任一情况，企业微信都不会访问你的地理位置：
1. 手机没有打开企业微信；
2. 超出管理员设置的时间限制。

**请注意地理位置是你的敏感信息，你可以自行选择开启、管理、关闭快捷打卡功能，且不受管理员限制。关闭快捷打卡功能后，需要手动进行打卡。**
"
0,如何查看考勤机打卡记录？,"超级管理员登录管理后台【应用管理->智慧考勤机->查看->右上角->考勤机记录】可查看考勤机的记录情况。
目前仅支持查看仅三个月的记录。分级管理员暂无这个查看权限。
![](https://wework.qpic.cn/wwpic/533940_xK2eoqoUQPa8Lwe_1623924871/0)
![](https://wework.qpic.cn/wwpic/348082_UgA5adWXRUSqFlK_1623924889/0)
![](https://wework.qpic.cn/wwpic/306493_Kz5SOiPcQT2onwg_1623924907/0)"
0,企业微信认证审核中资料是否支持修改？,"[TOC]
### 1.审核中是否可以修改资料
当资料正在审核中，若需修改认证资料，请您联系第三方审核公司进行修改（在企业管理后台“我的企业-企业信息-企业微信认证”处您可以查看第三方审核公司的客服热线）。

### 2.审核失败补充/修改资料机会
企业微信认证审核过程中，从认证资料提交申请后，在30天内有3次重填/补充资料的机会；若认证失败，则无法再修改名称等认证资料，只能重新付费提交企业微信认证。

温馨提示：
企业微信认证在审核过程中，若资料不符合要求，请留意要求补充资料的通知，通知会提示您最后提交期限的日期及重新上传资料的入口。 "
0,验证/认证企业需要费用吗,"验证企业是免费的；
认证企业分为全新认证、快捷认证（通过公众号授权认证）；全新认证需支付300元/次审核服务费用，快捷认证可无需支付300元审核服务费用。
[验证方式介绍](https://open.work.weixin.qq.com/help2/pc/cat?person_id=1&doc_id=14623 ""验证方式介绍"")
[全新认证介绍](https://open.work.weixin.qq.com/help2/pc/cat?person_id=1&doc_id=13276 ""全新认证介绍"")
[快捷认证介绍](https://open.work.weixin.qq.com/help2/pc/cat?person_id=1&doc_id=14644 ""快捷认证介绍"")"
0,国外注册的企业能否认证企业微信？,"国外及港澳台地区注册的企业暂不支持认证企业微信。
当[满足一定条件的情况下](https://open.work.weixin.qq.com/help2/pc/16535?person_id=1 ""满足一定条件的情况下"")，对应的企业支持验证。"
0,企业微信认证审核公司联系电话,"**企业微信认证支付成功后，您可在“企业微信认证->查看订单->认证记录”，点击进入即可查看第三方审核公司的客服热线。**

审核公司联系方式如下：
上海倍通企业信用征信有限公司，工作时间：周一至周五 8:30-17:30；电话：0411-84947888；邮箱：beitongxinyong@crediteyes.com。
重庆创宇后天信息技术有限公司，工作时间：周一至周五 9:30-17:30；电话：028-67686807；邮箱:wx@anquan.org。
深圳市众信电子商务交易保障促进中心，工作时间：周一至周五 9:30-16:00；电话：0755-26224288；邮箱：wx@ebs.org.cn
世纪恒通科技股份有限公司，工作时间：周一至周五 9:00-17:30	；电话：0851-88678888；邮箱：wx@sjht.com



"
0,企业微信认证电子发票相关问题,"目前企业微信认证电子发票已经全部更换为区块链电子普通发票

[TOC]
### 1.什么是区块链电子普通发票？
区块链电子普通发票（以下简称“电子普通发票”）属于电子发票的一种，其法律效力、基本用途、基本使用规定等与税务机关监制的增值税普通发票相同，可作为用户报销、维权、保修的有效凭据。
详见《国家税务总局深圳市税务局公告2018年第11号》https://shenzhen.chinatax.gov.cn/sztax/xxgk/tzgg/201808/94390f5be3f345ec9972467a68a0749b.shtml

### 2.申请电子普通发票需提供什么信息？
电子普通发票填写页面如下，请根据以下页面提示相关资料：
![](https://wework.qpic.cn/wwpic/867543_Yz34WMS6TV6T6To_1626169326/0)
### 3.电子普通发票有什么优点？
1）无纸化、低能耗、易查询、易保存；
2）缩短开票时长；
3）省去邮寄成本，降低退件风险；
4）发票随用随打印，无次数限制，避免丢失或损毁影响报销。

### 4.电子普通发票是否可用于报销？
电子普通发票的开票方和受票方需要纸质发票的，可以自行打印电子普通发票的版式文件，其法律效力、基本用途、基本使用规定等与税务机关监制的增值税普通发票相同，若不太确定是否可用，建议先联系贵司财务确认后再去操作申请。

### 5.开具电子普通发票后是否可以换开纸质增值税专票？
目前不支持开具电子普通发票后再重开纸质增值税专票，同样，开具纸质增值税专票后不支持重开电子普通发票，建议谨慎操作。

### 6.申请微信认证时选择了电子普通发票，在认证完成后未开具前，能否修改发票开具的形式？
目前不支持修改哦。由于电子普通发票是系统自动开具，一旦认证审核（资质审核通过）完成，无法修改，还请谨慎选择填写。

### 7.电子普通发票会在多长时间内开具？
电子普通发票可在认证审核（资质审核通过）完成后8个工作日左右开具。

### 8.开具后在哪里下载？
可在管理后台的“我的企业-企业信息-企业微信认证-查看订单”处下载。
![](https://wework.qpic.cn/wwpic/584033_EbWpDVrySWakvdV_1626169412/0)

### 9.电子普通发票开具后，如何验证真伪？
电子普通发票可通过电子税务局和微信端查验：
电子税务局：国家税务总局深圳市税务局官网(http://shenzhen.chinatax.gov.cn/)->我要查询->发票真伪查验；
微信端：深圳税务纳税服务一公众号－－税务微网－－发票管理－－区块链电子发票查验""。

### 10.电子普通发票下载后无法打开怎么处理？
此情况一般由于您所下载的PDF文件损坏所造成，建议您使用谷歌浏览器直接打开或者使用其他的pdf查看工具打开尝试，也可更换电脑操作。请直接在认证详情页操作下载。"
0,快捷认证使用微信扫码确认授权提示“此个人微信号没有绑定任何公众号或小程序，请绑定后更换微信号再试”,"扫码授权的微信需绑定有认证的订阅号或服务号。出现这个提醒一般情况有以下场景：
1、扫码授权的微信不是公众号的管理员身份。
2、扫码授权的微信绑定的订阅号或服务号没有认证。
3、扫码授权的微信仅绑定了小程序，没有绑定订阅号或服务商。目前小程序认证不支持授权企业微信。
![](https://wework.qpic.cn/wwpic/250744_NAqnFMCYSxu-YBW_1606721503/0)"
0,审批中的审批人离职，如何继续审批流程？,"可以在管理后台--应用管理--审批--点击需要编辑的模板--规则设置--设置【异常处理】，可以设置自动同意或是转交给指定人员处理。
注：设置之后，需要未流转的节点出现异常时，才会触发【异常处理】；
例如，审批流程为A>B>C>D，目前审批中的节点是B，如果此时C或者D离职，是可以触发异常处理的；但是如果此时离职的是B，不会触发异常处理。
![](https://wework.qpic.cn/wwpic/869155_G9ASckkmSpq3UBp_1592534110/0)"
0,自动校准打卡状态-请假,"当审批中的请假申请通过后，会在次日自动校准打卡状态。请假时间未覆盖到的工作时段，仍需按时打卡。

##### **打卡原则**
若当天整天都不在公司（请假时间包含上下班时间），则无需打卡；
若当天有部分时间在公司，则到达和离开公司时，仍需上下班打卡。

##### **详细说明**
##### **1.全天不在公司**

请假时间包含上下班时间，无论是否打卡，当天打卡状态都将校准为正常。
![](http://p.qpic.cn/pic_wework/1626895184/2127f62d55ed2d26cf7c63658dce1a299393b4043e3dcbc8/0)

##### **2.上下班时间内，暂时离开**

请假时间未包含上下班时间，需按时打卡，否则打卡状态为异常。
![](http://p.qpic.cn/pic_wework/1316538103/54528358c2f1cee4774b2e46ac1e3b6d8a4ec82d812c21f1/0)

##### **3.上班在公司，下班不在公司**

请假时间未包含上班时间时，需按时打上班卡，并在离开公司时打下班卡，否则当天打卡状态为异常。
![](http://p.qpic.cn/pic_wework/3287095959/dfd908d3b94b3cd4438624a3e476ed053086b646d9d3d9f7/0)

##### **4.上班不在公司，下班在公司**

请假时间未包含下班时间时，需在回到公司时打上班卡，并按时打下班卡，否则当天打卡状态为异常。
![](http://p.qpic.cn/pic_wework/627629690/d5d302d9451fb305c3014dfe0ca49a61716e4b3c94b8cad7/0)"
0,请假如何设置时间刻度？,"登录管理后台，点击【应用与小程序】->【审批】->【假期管理】->【设置】，选择需要设置的请假类型，点击对应【编辑】，设置时间刻度。
![](http://p.qpic.cn/pic_wework/2538437714/02047e1276d38a7f6f3af19658660227f7b997ae8bbf7982/0)
![](http://p.qpic.cn/pic_wework/2510569850/b1b7cda1febd5429774b9756e73331302d45ec653e4f1faf/0)"
0,审批记录是否可以删除,"管理员可以登录管理后台—应用管理—审批—点击需要查看的审批模版—申请记录中删除审批记录，删除不可恢复，需谨慎操作。
![审批记录是否可以删除](https://wework.qpic.cn/wwpic/692491_qS5uuQ7ATMuW3Tl_1583922821/0 ""审批记录是否可以删除"")"
0,连接微信是否支持连接公众号？,"连接微信暂不支持连接微信公众号。
"
0,如何使用客户朋友圈？,"[TOC]
### 1.客户朋友圈发送入口
可通过【工作台】->【朋友圈】-> 【发表】将活动信息、产品动态、专业知识等内容发表到客户的微信朋友圈，并与客户评论互动。
![](https://wework.qpic.cn/wwpic/96913_opbTe048QgqHqyh_1626234295/0)
### 2.成员使用客户朋友圈
具有客户朋友圈使用权限的成员，可在工作台上看到客户朋友圈的入口。成员编辑好内容后、可按标签选择要展示的客户，发表后，客户即可在微信朋友圈中查看、还可以点赞和评论成员发表的内容。
![](https://wework.qpic.cn/wwpic/165437_-3dMbe3RRRiTsn8_1626234308/0)
### 3.企业管理客户朋友圈
企业也可以统一创建内容，选择要展示的客户，成员确认后可将内容发表到客户的微信朋友圈；同时企业还可查看成员发表的内容，进行监管。
![](https://wework.qpic.cn/wwpic/624985_ub1VgpigSzONjF__1626234320/0)
![](https://wework.qpic.cn/wwpic/112147_6mJBIq1pSIODfcu_1626234327/0)
### 4.客户朋友圈支持设置朋友圈负责人
企业也可设置区域经理、门店店长等角色作为业务负责人，协同管理。
![](https://wework.qpic.cn/wwpic/927089_utAk0Nw2R6e-i66_1626234360/0)
"
0,对外收款功能如何使用？,"[TOC]
### 1.对外收款绑定商户号
（1） 前期准备：使用对外收款之前，需要申请微信支付商户号，如果之前未申请过，可前往pay.weixin.qq.com申请。
（2）如何开通：开通对外收款功能时，需要登记微信支付商户号以及商户号的主体名称，可在手机端和管理后台开通。
![](https://wework.qpic.cn/wwpic/736548_xD_1-iqUQpGvRwF_1622775816/0)
### 2.对外收款如何收款？
- 如何收款：可以使用两种方式进行对外收款，“在聊天中收款”和“用收款码收款”。
（1）在聊天中收款：在聊天中，可在聊天工具栏和附件栏找到「对外收款」入口，点击后可向当前聊天中的微信用户发起收款。微信用户将在聊天中收到付款卡片，点击进入付款。
![](https://wework.qpic.cn/wwpic/470059_1SSoLHs4RUWOlCo_1622775838/0)
（2）用收款码收款：在「工作台-对外收款-我的收款-收款码」中，可以将收款码保存下来，出示给微信用户扫描，微信用户扫描后可进行付款。
![](https://wework.qpic.cn/wwpic/395233_LNwXAYIPSTedEYR_1622775856/0)
### 3. 对外收款如何查看到账消息？
当微信用户支付成功后，在聊天中会收到系统控制消息提醒，同时也会收到「对外收款」应用消息通知。
![](https://wework.qpic.cn/wwpic/793863_7C27dNwPRF-c8Of_1622775879/0)
### 4. 对外收款如何查看收款明细？
在「工作台-对外收款」中，可以看到企业的当日收款卡片以及企业历史收款明细，进入后可以按成员、时间、状态进行条件筛选查看。
![](https://wework.qpic.cn/wwpic/364452_LviveU49SRSk6Zy_1622775899/0)
###5. 对外收款如何退款？
员工收款后，如果客户需要退款，员工可以针对当前订单进行退款，同时管理员和有权限的应用负责人，可以针对其他员工的收款记录进行退款。退款默认原路退回至客户的支付账户，退款时间一般2小时内完成。
![](https://wework.qpic.cn/wwpic/93147_yaUeXdVbScOaN5d_1622775920/0)
### 6. 对外收款如何设置使用范围和管理权限？
可以在手机端和管理后台设置使用范围和管理权限。
手机端：「工作台-对外收款-右上角点点点」进行设置。
![](https://wework.qpic.cn/wwpic/481787_cnTjnC3fQi2w6Nk_1622776265/0)
管理后台：登录work.weixin.qq.com，在「应用管理-对外收款-可见范围/应用负责人」进行设置。"
0,如何分享商品图册？,"可以将商品图册分享给你的客户，更好地向他们推荐和介绍企业的商品信息。补充收款账户后，客户浏览商品后还可以直接付款。

[TOC]
### 1. 在聊天中支持分享商品图册
可从聊天工具栏分享产品图册到当前聊天
![](https://wework.qpic.cn/wwpic/322144_OtxtI3IPSr2QXx__1598942445/0)
### 2. 在工作台支持分享商品图册
可分享产品图册到聊天、群发给客户、群发到客户群、分享到微信会话
![](https://wework.qpic.cn/wwpic/796887_KoItIIWRTveILYa_1598942747/0)
### 3. 支持小程序卡片、海报、图文等方式分享商品图册
商品图册的分享形式支持小程序卡片、海报、图文等三种分享形式
![](https://wework.qpic.cn/wwpic/110730_4uMgQjv_QLCdABa_1598942517/0)

"
0,关于2020年5月18日企业号全面升级为企业微信通知,"亲爱的企业号管理员：

企业号即将停止服务，为了给你继续提供服务，请于2020年5月18日前，将你的企业号升级为企业微信。你可在企业号管理后台左侧菜单栏底部，点击“升级为企业微信”进行升级。
![](https://wework.qpic.cn/wwpic/572039_g1OnIlvNSqCGLHz_1589767461/0)
![](https://wework.qpic.cn/wwpic/978875_oIzZOHCuTO2qnub_1589767473/0)

升级后：

1.已关注的企业成员可以继续在微信内收发消息和接收通知，原企业号的数据会完整迁移到企业微信，并在企业微信统一管理，管理功能更强大；

2.可以免费使用企业微信APP和PC端继续进行工作沟通，获得消息撤回、打卡、审批、在线会议等功能；

3.企业号管理后台将停止服务，相关通知、管理能力将转移到企业微信管理后台work.weixin.qq.com进行；

4.原“会话授权给第三方、会话有回调url、客服功能、摇一摇”等功能，将停止服务。

升级到企业微信后，成员将会在微信企业号中看到企业微信入口：
![](https://wework.qpic.cn/wwpic/963801_u9wSMc9sRvWAijM_1589766825/0)"
0,如何设置别人添加自己为好友时不需要验证,"在手机端企业微信--我--设置--隐私--关闭“加我为联系人时需要验证”即可，支持设置无需验证即可自动添加对方到通讯录。
1、 在隐私里开启无需验证时，可以同时设置是否将对方添加到自己的通讯录中
2、 对于以前已开启免验证的用户，首次打开和单向好友的聊天界面时，会出现弹窗提醒免验证可以自动加对方好友。
![](https://wework.qpic.cn/wwpic/931429_i___gWCRQoWJyg-_1612663238/0)"
0,如何关注微信插件 ？,"在web管理后台-我的企业-微信插件中，可获取“邀请关注微信插件”的二维码。成员使用微信扫描二维码即可直接关注微信插件。
关注插件后，成员可以在微信插件中接收企业推送的应用消息。
关注插件后，可以在【微信->通讯录->我的企业】进入查看。
![](https://wework.qpic.cn/wwpic/770379_H3csrKGfQOSO2l6_1627006055/0)"
0,为什么在微信中无法搜索到我的企业微信帐号？,"请在手机端企业微信侧【我】->【设置】->【隐私】中确认是否已经打开【允许别人找到当前企业身份】。
![](http://p.qpic.cn/pic_wework/702960014/2a2cfd2681549e72df63f6f37e0d626e465cf179e3f806b9/0)
在微信侧，请确保微信已更新到最新版本。
上述操作确认完成后，微信侧用户可点击通讯录页面右上角的功能键，选择【企业微信联系人】，即可通过手机号搜索到企业微信用户。
![](http://p.qpic.cn/pic_wework/1191718837/797fae750d9e9db39bca03b4249834e1f52d810a9d0c5fce/0)
"
0,企业微信的聊天记录、文件图片等，能保存多长时间？,"内部会话云端消息保存依赖于管理员在后台的设置，最长为90天。如不更换登录设备，聊天记录会在设备本地一直保存。
外部会话消息云端保存时长是7天。
![](https://wework.qpic.cn/wwpic/312697_6gz766XSThu3KLx_1624803159/0)"
0,如何创建客户群,"具有客户群使用权限的成员，可以在客户端->【工作台】->【客户群】中点击【创建一个客户群】。
![](https://wework.qpic.cn/wwpic/398710_uMbCGi6JRFys5Jq_1585796325/0)"
0,什么是全员群,"企业全员群，新入职的员工将自动加入此群，离职后将自动退群。加入的同事可以看到历史的群聊消息。全员群人数上限是10000人。

温馨提示：
1.成员登录企业微信后，将自动加入全员群。
2.被限制了通讯录查看权限的成员，不会自动加入全员群。
3.全员群关闭后，新员工不会自动加入。可以在手机端“工作台-管理企业-聊天管理”中重新开启。
4.开启全员群，所有登录过企业微信的成员将自动加入。
![](http://p.qpic.cn/pic_wework/3923590849/5e58b24e6775ce4769a55a9ec3122191fb4cd6316a892042/0)"
0,如何使用群发助手？,"- 入口：工作台->群发助手
- 成员可把通知、祝福、活动等消息批量发送给不同的客户或客户群，并进行后续的服务；
- 超级管理员或业务负责人也可创建企业服务消息，创建后将通知成员发送，成员确认后发送给他的客户或客户群。
- 企业每天可群发1条消息给每位客户或每个客户群。支持企业统一创建发送，成员也可自己创建发送。

![](https://wework.qpic.cn/wwpic/46699_-pIWdJAvQOGKGf__1627632583/0)"
0,语音/视频通话功能,"[TOC]
### 一、支持的客户端和通话类型
1.语音/视频通话功能功能支持MAC/PC/IOS/Android发起或接听电话。
2.通话可分为两种类型：视频或语音，由发起人发起时选择的类型决定。若为视频类型，则所有进入通话的成员均默认打开自己的视频，若为语音，则默认不打开。

### 二、会议通话中功能说明
#### 1.邀请通话
- 通话中可自由开关自己的摄像头，通话成员均可邀请其他成员进入通话；手机端还可将会议分享到微信，公司外成员可通过链接详情唤起企业微信加入通话；
- 单聊中支持给微信好友发起通话，群聊中暂不支持微信好友加入通话，仅支持企业微信好友通话。
![](https://wework.qpic.cn/wwpic/863774_XZ3EgJYNQE2kQiV_1625822919/0)
#### 2.屏幕共享
- 电脑端支持屏幕共享，手机端、ipad仅支持文档演示，不支持屏幕共享。
![](https://wework.qpic.cn/wwpic/355615_Kq-3RG9UQ1aY_xS_1625920011/0)
#### 3.文档演示
- 手机端和电脑端均支持发起屏幕演示。与微信联系人通话暂不支持文档演示。
![](https://wework.qpic.cn/wwpic/223186_hQ7IOW3URZOljgj_1625823269/0)
#### 4.通话记录 
成员挂断后，在对应会话中产生通话记录，通话中加群外成员A，则A不产生通话记录；单人通话记录可发起重呼。
#### 5.通话人数
同一个会话中最多可同时支持16人，同时视频/语音也是16人。

### 三、通过系统电话接入视频通话（会议）是否需要扣费？
企业微信视频通话（会议）中，若成员手动转为系统电话接入，或从分享到微信的会议链接中拨打会议号码进入，都是由运营商按照手机套餐内的普通通话时长进行扣费，企业微信不会额外收费。

"
0,如何使用收藏功能？,"1、支持收藏的内容：
目前支持收藏文字、语音、图片、视频、地理位置。
2、转发收藏的内容：
请点击“我”-&gt;“收藏”-&gt;选择需要分享或转发的内容，点击右上角“...”-&gt;转发给其他成员。
3、搜索收藏的内容：
请点击“我”-&gt;“收藏”-&gt;在页面上的搜索框中根据输入关键字搜索。
4、删除收藏内容：
若需要删除某条收藏，请点击“我”-&gt;“收藏”在需要删除的某条收藏内容上，向左滑动屏幕或长按收藏的消息，会显示“删除”按钮，点击删除即可。
![](http://p.qpic.cn/pic_wework/298881704/1513e505d1a6849914fb302917585e882ae29a502087aaf5/0)"
0,如何编辑对外名片,"可以通过手机版企业微信手机版企业微信->消息页面左上角“三”->右上角二维码->对外名片->右上角点击编辑按钮，即可编辑对外名片的样式以及对外信息，编辑完毕之后点击完成即可。
点击【右上角->三个点->重置二维码】可以进行重置名片二维码，不操作重置二维码，名片二维码不会过期。
![](https://wework.qpic.cn/wwpic/406985_3iBNelfVRlCu-Cg_1642402792/0)"
0,为什么成员没有自动进入部门群？,"1.有可能成员所在的部门没有生成部门群。
2.有可能管理员关闭了部门群开关。
3.部门群人数最高支持2000人，对应的部门群已经满人则成员不会自动加入。
4.有可能成员被限制查看通讯录了。若成员被“限制查看所有人”和成员被单独设置在通讯录隐藏了，这种情况成员不会自动加入部门群。"
0,如何添加外部联系人？,"[TOC]
### 1.手机端添加外部联系人
- 手机端，进入“消息-右上角+号-加微信”，或“通讯录-外部联系人/我的客户-添加”，通过手机号搜索、扫一扫、名片分享等方式添加新的联系人。
![](https://wework.qpic.cn/wwpic/795349_IEBx2qljS7SSt9C_1626228255/0)
### 2.电脑端添加外部联系人
- 电脑端，进入“通讯录-外部联系人/我的客户”，点击“添加”，即可通过手机号搜索添加新的联系人。
![](https://wework.qpic.cn/wwpic/278471_fHIMVsH0SjGtfOM_1626228275/0)

"
0,哪些群可以被企业管理呢？,"具有「客户群」使用权限的成员创建的外部群，企业可在「工作台」-「客户群」中查看并管理。
"
0,自动回复/欢迎语下发的小程序页面是展示哪个页面,"客户群自动回复配置的小程序，显示的小程序页面有两个来源：
1. 当前页面开发者通过onShareAppMessage指定的图片。
2. 如果开发者没指定，会默认对当前页面截图，作为分享图片。

欢迎语添加了小程序，会话中显示的这个小程序页面展示出来的是分享出来的页面的快照，即当前点击分享时看到的页面。暂时不支持自定义。
"
0,群聊数据统计常见问题,"###一、数据更新时机与跨天计算

####1、数据多久更新一次？
每晚12:00更新，且每个自然日的数据更新后不会被改变。例如首日张三创建了3个客户群，但是隔日解散了这3个客户群，则首日的「新增群聊数」仍为“3”；首日内张三创建了3个客户群，但立即解散了这3个客户群，则首日的「新增群聊数」为“0”，因为当晚12:00才进行统计。

####2、多天的数据如何计算？
「新增群聊数」、「有过消息的群聊数」、「新增群成员数」、「发过消息的群成员数」、「群聊消息总数」的多天数据，为每天数据的加和。

「群聊总数」、「群成员总数」的多天数据，为所选时间范围内最后一天的数据。


###二、数据覆盖范围

####1、哪些群的数据会被计入？
数据被纳入统计的前提，是该群为客户群。例如普通外部群、群主被转让给了微信用户的群等，这些群所产生的数据不会被纳入统计。

####2、哪些消息类型会被计入？
常规的文本、图片、视频、链接、小程序消息会被纳入，系统消息及语音通话、入群邀请不会被纳入。

####3、成员离职或调岗后数据如何计算？
成员调岗后，其调岗之前产生的历史数据会跟随成员。例如张三从销售部调入了市场部，则张三的历史及新数据，会计入市场部。
成员离职后，其离职之前产生的历史数据不会被清除，例如市场部下的张三离职了，市场部的历史数据不会减少。"
0,以前的微信群可以转为企业微信外部群吗？,不可以。企业微信和微信属于不同的两个平台，由于功能上的差异，暂不支持以前的微信群转为企业微信外部群。你可以创建一个新的外部群，通过分享群二维码至微信群的方式与你的微信好友重新建立联系。
0,企业微信消息可以转发到微信中吗？,"可以。长按要转发的消息，点击【多选】，再点击页面左下方的转发功能键，选择【转发到微信】即可。
![](http://p.qpic.cn/pic_wework/2526402399/797fae75bb21c16d90565c5303bafacd74683a8914392cec/0)"
0,如何设置客户联系业务负责人,"[TOC]
###  **一、超级管理员设置客户联系负责人**
#####1.超级管理员在移动端设置客户联系负责人
- 在移动端，超级管理员可以在“工作台->客户联系->配置使用范围和管理规则->配置管理规则”中设置管理规则，并在管理规则中添加业务负责人、指定负责人的管理范围和管理权限。
![](https://wework.qpic.cn/wwpic/702660_zuciFNncSQ2kgC6_1627975489/0)

#####2.超级管理员在web管理后台设置客户联系负责人
- 在管理后台，超级管理员可以在“客户联系->配置->配置使用范围和管理规则”中设置业务负责人，帮助分管成员添加的客户。
![](https://wework.qpic.cn/wwpic/876274_Vepng6nRQkWnIlM_1627975505/0)

###  **二、负责人设置客户联系下级负责人**
- 被设定为业务负责人的成员也能在自己的权限范围内新建下级负责人，让下级负责人帮助自己分管业务。功能入口为：“客户联系->设置管理规则->设置下级管理规则”。
![](https://wework.qpic.cn/wwpic/702660_zuciFNncSQ2kgC6_1627975489/0)"
0,如何开通客户联系？,"客户联系功能没有开通流程，企业验证后即可使用。
管理员可进入手机端【工作台】-【客户联系】中，将需要使用该功能的成员配置到使用范围中，企业即可统一管理这些成员添加的客户关系。
注：企业微信对应的行业类型若为“学前教育”、“初中等教育”、“教育行政单位”这3类，目前暂不支持客户联系功能。
![](https://wework.qpic.cn/wwpic/963528_c5Hl7OeMRRCMk9J_1625105427/0)"
0,如何添加微信联系人为客户？,管理员配置你使用客户联系功能后，添加的全部外部联系人都将成为客户，添加的方式和添加外部联系人一样，包括扫码添加、从微信好友中添加、搜索添加等。
0,客户联系-群模板功能,"[TOC]
### 1.如何创建群模板？
#### 1.1管理后台如何新增群模板？
超级管理员登录【管理后台->应用管理->聊天工具->群模板->配置】。
![](https://wework.qpic.cn/wwpic/250837_VThTDb2FQYm-1uy_1626426521/0)
![](https://wework.qpic.cn/wwpic/918121_jw-kutYoR9Wx2SP_1626426714/0)
#### 1.2手机端台如何新增群模板
超级管理员在手机端【工作台->客户群->群模板->配置】
![](https://wework.qpic.cn/wwpic/872898_fSQri8yHRM6n755_1626749594/0)
### 2.群模板支持设置哪些内容?
可设置群名称、禁止改群名称、设置群管理员、配置入群欢迎语、开启自动回复、设置防骚扰规则这些内容。
![](https://wework.qpic.cn/wwpic/918121_jw-kutYoR9Wx2SP_1626426714/0)

### 3.如何把群模板配置到客户群中？
3.1给我的客户群使用群模板
在手机端【工作台->客户群->群模板->我的群模板->群模板详情->使用该模板】
![](https://wework.qpic.cn/wwpic/883354_4iVheC2dQS2oZa0_1626428300/0)
3.2管理员新增[加入群聊二维码时，可以选择对应的模板](https://open.work.weixin.qq.com/help2/pc/14712?person_id=1&is_tencent= ""加入群聊二维码时，可以选择对应的模板"")

### 4.“配置企业群模板”和“我的群模板”有什么区别？
1.“配置企业群模板”的群模板是针对客户联系使用范围内的成员可见，“我的群模板”是成员自己自定义的模板，仅对自己可见，在使用时成员可以选择企业群模板或我的群模板。
2.“我的群模板”成员可以自己编辑或删除，“企业创建”的群模板目前仅超级管理员可编辑。
3.企业创建的模板在“我的模板”页面中会有“企业创建”的标识。
![](https://wework.qpic.cn/wwpic/644472_fYa1_tL6S6CRJs0_1626751140/0)"
0,领取到的企业微信红包将存入哪里,通过企业微信红包领取或因为对方未领取而超时退回的零钱，也将自动存入绑定的微信帐号中，可以通过微信客户端发起提现等操作。
0,如何使用向员工发红包应用？,"[TOC]
### 一、开通企业支付：[点击查看](https://open.work.weixin.qq.com/help2/pc/cat?person_id=1&is_tencent=&doc_id=14781 ""点击查看"")

### 二、进入向员工发红包应用
进入企业微信管理后台，「应用与小程序」→「企业支付」→「向员工发红包」→「前往功能」。跳转至商户平台，扫码登录，即进入到对应页面。

或是直接登录商户平台，「产品中心」→「企业微信」→「前往功能」→「向员工发红包」。

### 三、向成员发红包
#### 方式一：普通红包

1.选择发送范围。点击添加即可从企业微信通讯录中添加成员。
2.可以选择发送「固定金额」的红包或「随机金额」的红包。

- 若选择「随机金额」，则需要设定单个红包金额的浮动范围，最后设置红包总金额。
![](https://wework.qpic.cn/wwpic/995665_nakwkKJaSz6kvJ1_1622106718/0)

- 若选择「固定金额」，则设定单个红包金额，总金额会自动计算展示。

![](https://wework.qpic.cn/wwpic/383169_3ntzTfdMRky9ay1_1622106732/0)

3.添加祝福语。祝福语将在红包领取及红包拆开时展示，可在右侧示意图预览效果。
4.点击提交，红包立刻发出。
5.成员将在企业微信中收到由「企业支付小助手」发来的红包，拆开领取后，金额将保存至成员企业微信账号绑定的微信账号中。
![](https://wework.qpic.cn/wwpic/327548_2OOmt30NTBmLkRF_1622106750/0)

#### 方式二：贺卡红包
贺卡红包是企业专属的红包领取贺卡，能让让员工更好地感受企业文化。红包将通过设置的虚拟账号发出，让员工倍感亲切；并可以提前设置发红包时间和员工，到点系统自动发放。

1.填写项目名称，选择发送时间与发送范围。
2.设置红包金额。
![](https://wework.qpic.cn/wwpic/523721_9OVrG2p9SSKqZ42_1622106764/0)

3.填写发放人信息。红包将通过虚拟的发放人账号建立会话发放至成员，填写「发放人名称」，上传头像。填写红包领取信息，红包领取信息是发放人附带的一段文本，可以在右侧示意图预览效果。
![](https://wework.qpic.cn/wwpic/846732_B-PQlIZMSGya9qe_1622106782/0)

4.设置贺卡。贺卡将在成员点击「点击领取企业红包」后展示，可以上传图片设置贺卡背景或上传视频设置贺卡视频。填写「贺卡问候语」与「祝福语」，在右侧示意图预览效果，也可以发送到企业微信用手机预览完整效果。
![](https://wework.qpic.cn/wwpic/366017_OcTGKqVwSjCEqCo_1622106830/0)

5.点击提交，贺卡红包将在设定的时间发出，成员在企业微信收到贺卡红包。
![](https://wework.qpic.cn/wwpic/237119_56bK2HWQSAyoh-2_1622106858/0)
#### 方式三：接口发放红包

1.可以调用付款接口进行付款，请查看接口文档。

### 四、	查询红包领取记录

在「向员工发红包-红包记录」中可以查询历史红包发放记录，并且可以查看每个红包的成员领取情况。
![](https://wework.qpic.cn/wwpic/688317_MkoyYppcQ6yVJyY_1622106871/0)
"
0,联系客户统计常见问题,"[TOC]
###一、客户统计数据更新时机与跨天计算

####1、客户统计数据多久更新一次？
每晚12:00更新，且每个自然日的数据更新后不会被改变。例如首日张三添加了3个客户，但是隔日删除了这3个客户，则首日的「新增客户数」仍为“3”；首日内张三添加了3个客户，但立即删除了这3个客户，则首日的“新增客户数”为“0”，因为当晚12:00才进行统计。

####2、客户统计中多天的数据如何计算？
「发起申请数」、「新增客户数」、「单聊总数」、「发送消息数」、「发送红包数」、「发送红包金额」、「删除/拉黑成员的客户数」的多天数据，为每天数据的加和。

「已回复聊天占比」的多天数据计算方式：若m个成员在n日内，一共有x个客户主动发起会话，其中在当天回复的会话一共有y个。则这m个成员在n日内的已回复聊天占比为：y/x。

「平均首次回复时长」的多天数据计算方式：若m个成员在n日内，一共有回复过x个会话，其中x个会话的首次回复时长总和为y，则这m个成员在n日内的平均首次回复时长为：y/x。


###二、客户统计的数据覆盖范围与统计方法

####1、客户统计中，和谁沟通的数据会被计入？
数据被纳入统计的前提，是对方为成员的客户。例如成员删除了客户、成员的客户被离职继承了、对方是成员的外部联系人，则成员与其沟通所产生的数据不会被纳入统计。

####2、客户统计的统计是基于关系链还是客户？
统计基于成员与客户之间的关系链进行计算。例如3个服务人员添加了同一个客户，则「新增客户数」为“3”。

####3、客户统计中，哪些消息类型会被计入？
常规的文本、图片、视频、链接、小程序消息会被纳入，系统消息及语音通话、入群邀请、被删除后的客户消息不会被纳入。

####4、客户统计中，成员离职或调岗后数据如何计算？
成员调岗后，其调岗之前产生的历史数据会跟随成员。例如张三从销售部调入了市场部，则张三的历史及新数据，会计入市场部。
成员离职后，其离职之前产生的历史数据不会被清除，例如市场部下的张三离职了，市场部的历史数据不会减少。

"
0,工作台的应用是否可以分组,"[TOC]
### 一、如何添加/编辑应用与小程序分组？
1、管理员可以登录管理后台—我的企业—设置—工作台显示—修改应用与小程序分组中进行添加/编辑分组，操作后需点击保存按钮；
![工作台的应用是否可以分组](https://wework.qpic.cn/wwpic/901660_EmZVTxRaRIiCEkQ_1582182525/0 ""工作台的应用是否可以分组"")
2、管理员可以在手机版企业微信—工作台—管理企业—工作台显示—应用与小程序分组排序中进行添加/编辑分组；
![工作台的应用是否可以分组](https://wework.qpic.cn/wwpic/167871_FTXM8nnuRQaUer3_1582182543/0 ""工作台的应用是否可以分组"")

### 二、如何删除应用与小程序分组？ 
1、管理员可以登录管理后台—我的企业—设置—工作台显示—修改应用与小程序分组—点击分组右侧的三个点—删除—保存；保存删除后不可撤销，请注意谨慎操作。
![工作台的应用是否可以分组](https://wework.qpic.cn/wwpic/370279_a3nbj848Tt-lgUx_1582182552/0 ""工作台的应用是否可以分组"")
2、管理员可以在手机版企业微信—工作台—管理企业—工作台显示—应用与小程序分组排序—编辑需要删除的分组—删除分组，删除后不可撤销，请注意谨慎操作。
![工作台的应用是否可以分组](https://wework.qpic.cn/wwpic/608823_Iav6B3t6Q46EtgK_1582182567/0 ""工作台的应用是否可以分组"")"
0,客户联系-加入群聊功能介绍,"[TOC]
### 1.客户联系功能中的加入群聊功能是什么?
客户通过扫描群二维码或点击小程序上的按钮，即可获取入群方式，进入企业的客户群。
### 2.如何配置客户联系的加入群聊二维码？
配置路径：管理后台-客户联系-加客户-加入群聊
### 3.客户联系的加入群聊二维码上限是多少？
（1）支持配置通过二维码加入群聊、在小程序中加入群聊。
（2）每个二维码/小程序都支持配置单个群聊、多个群聊；若配置多个群聊，最多可配置5个群聊。
（3）二维码上限是1000个，立牌上限是1000个，小程序的上限是1000个。
![](https://wework.qpic.cn/wwpic/80877_b2hHOeDUQUK9rHg_1612749407/0)
![](https://wework.qpic.cn/wwpic/727910_dV6swvP2Rv-P4WC_1612749415/0)
![](https://wework.qpic.cn/wwpic/463739_5c2QFZv_Tk-I2Dr_1612749425/0)
### 4.新增客户联系加入群聊二维码时能否使用群模板？
目前是支持的，在新增客户加入群聊二维码时，可以在入群设置中点击【设置新群的群名称、群管理员等】进行选择对应的群模板，设置后，自动创建的群聊会默认群模板的内容。
![](https://wework.qpic.cn/wwpic/479317_jnNP7V7jST2nUFl_1626750555/0)"
0,企业微信认证审核中资料是否支持修改？,"[TOC]
### 1.审核中是否可以修改资料
当资料正在审核中，若需修改认证资料，请您联系第三方审核公司进行修改（在企业管理后台“我的企业-企业信息-企业微信认证”处您可以查看第三方审核公司的客服热线）。

### 2.审核失败补充/修改资料机会
企业微信认证审核过程中，从认证资料提交申请后，在30天内有3次重填/补充资料的机会；若认证失败，则无法再修改名称等认证资料，只能重新付费提交企业微信认证。

温馨提示：
企业微信认证在审核过程中，若资料不符合要求，请留意要求补充资料的通知，通知会提示您最后提交期限的日期及重新上传资料的入口。 "
0,企业微信认证审核公司联系电话,"**企业微信认证支付成功后，您可在“企业微信认证->查看订单->认证记录”，点击进入即可查看第三方审核公司的客服热线。**

审核公司联系方式如下：
上海倍通企业信用征信有限公司，工作时间：周一至周五 8:30-17:30；电话：0411-84947888；邮箱：beitongxinyong@crediteyes.com。
重庆创宇后天信息技术有限公司，工作时间：周一至周五 9:30-17:30；电话：028-67686807；邮箱:wx@anquan.org。
深圳市众信电子商务交易保障促进中心，工作时间：周一至周五 9:30-16:00；电话：0755-26224288；邮箱：wx@ebs.org.cn
世纪恒通科技股份有限公司，工作时间：周一至周五 9:00-17:30	；电话：0851-88678888；邮箱：wx@sjht.com


"
0,支持开具的发票类型及发票样式,"企业微信认证支持选择电子发票、增值税专票，以及不开发票。

[TOC]
### 1.企业微信认证电子发票样式
![](https://wework.qpic.cn/wwpic/458176_NDrXajX9RfS1Vvq_1626169071/0)
### 2.企业微信认证增值税专票发票样式
![](https://wework.qpic.cn/wwpic/103625_npMhSTmASn-sx2k_1626169083/0)"
0,企业微信认证需要支付的费用,"[TOC]
### 一、企业微信认证费用需要多少？
申请企业微信认证，需一次性支付300元/次审核服务费用。认证无论成功或失败，我们都需要支付给第三方审核机构的成本费用（审核服务费）。
注：若认证审核失败，审核费用不予退还，通知中心会提示您补填资料的最后提交期限，在此期限内请您及时补填资料，详情请留意企业微信通知。

### 二、企业微信认证支付方式有哪些？
微信支付：微信扫一扫二维码完成支付。

### 三、认证的有效期如何计算？
认证成功后，该帐号名称、认证标识、及认证信息将会被保留一年（自认证成功之日起计算，一年内有效）。

### 四、企业微信认证免费类型
为了更好的支持政府电子政务的发展，为企业微信用户提供更优质的服务，企业微信针对政府类型的帐号免收认证费用。
温馨提示：机关单位、基金会、国外政府机构驻华代表处也可免费认证。

### 五、通过微信公众号授权认证是否需要付费？
若通过微信公众号授权认证，可无需支付300元审核服务费用。"
0,如何提现，提现手续费如何收取？,"微信支付商户提现是完全免费的。
操作流程，点击[查看详情](http://kf.qq.com/faq/161223NJBr2u161223Mfeqei.html ""查看详情"")
"
0,国外注册的企业能否认证企业微信？,国外及港澳台地区注册的企业暂不支持认证企业微信。
0,快捷认证使用微信扫码确认授权提示“此个人微信号没有绑定任何公众号或小程序，请绑定后更换微信号再试”,"扫码授权的微信需绑定有认证的订阅号或服务号。出现这个提醒一般情况有以下场景：
1、扫码授权的微信不是公众号的管理员身份。
2、扫码授权的微信绑定的订阅号或服务号没有认证。
3、扫码授权的微信仅绑定了小程序，没有绑定订阅号或服务商。目前小程序认证不支持授权企业微信。
![](https://wework.qpic.cn/wwpic/250744_NAqnFMCYSxu-YBW_1606721503/0)"
0,如何关注微信插件 ？,"在web管理后台-我的企业-微信插件中，可获取“邀请关注微信插件”的二维码。成员使用微信扫描二维码即可直接关注微信插件。
关注插件后，成员可以在微信插件中接收企业推送的应用消息。
关注插件后，可以在【微信->通讯录->我的企业】进入查看。
![](https://wework.qpic.cn/wwpic/770379_H3csrKGfQOSO2l6_1627006055/0)"
0,如何关注微信插件 ？,"在web管理后台-我的企业-微信插件中，可获取“邀请关注微信插件”的二维码。成员使用微信扫描二维码即可直接关注微信插件。
关注插件后，成员可以在微信插件中接收企业推送的应用消息。
关注插件后，可以在【微信->通讯录->我的企业】进入查看。
![](https://wework.qpic.cn/wwpic/770379_H3csrKGfQOSO2l6_1627006055/0)"
0,企业号升级后，成员们升级之前已有的聊天记录，在企业微信侧能否查看，或者如何去查看之前的聊天记录？,在微信中可以继续查看，但历史消息无法在新下载的企业微信app中同步。
0,如何发送应用消息？ ,"消息群发，是企业微信提供的用于企业向成员推送企业通知的工具，支持管理端手动发送以及[API接口](https://work.weixin.qq.com/api/doc/90000/90135/90236 ""API接口"")发送。支持的消息类型包含文本、图文、外链图文、音频、视频、图片。

同时针对企业内的场景，我们还提供诸如消息自动回复设置、管理员可查看用户上行消息、素材库等功能。

登陆[管理后台](https://work.weixin.qq.com/ ""管理后台"")-应用管理-自建应用、第三方应用、公告可进行发送应用消息。
![](https://wework.qpic.cn/wwpic/883327_sG5LomWDTdSbWVD_1589004155/0)
**发送公告消息推送指引：**
1、登陆[管理后台](https://work.weixin.qq.com/ ""管理后台"")进入应用管理-公告，选择发公告
![](https://wework.qpic.cn/wwpic/87597_-75xHCVGTBm9k9N_1589004488/0)
2、进入发送应用消息页面后，支持更换发送消息的应用。发送应用消息需要选择消息推送范围、输入推送标题、填写消息内容（消息内容支持填写文本消息、图片、视频、语音等）、摘要、作者等信息。
![](https://wework.qpic.cn/wwpic/583960_4s8rPbTbT6C2IJ7_1589004497/0)
![](https://wework.qpic.cn/wwpic/206056_vN1qu1BGTxWSPFj_1589005683/0)
3、已发送的推送消息，在管理工具-消息群发-已发送 可以查看已发送的推送记录。目前支持在管理后台撤回24小时内发送的应用消息。
![](https://wework.qpic.cn/wwpic/225517_d75hDU3bRmyRejS_1589004507/0)
4、已发送的消息可点击收藏，收藏后的消息，成员可以在查看消息页面右上角-企业收藏消息 查看管理员收藏的历史消息推送。新加入企业的成员如果在应用可见范围内，也支持通过这个入口进行查看加入企业前收藏的推送消息。
![](https://wework.qpic.cn/wwpic/792631_XRkQbnLtRpqvn-k_1589008758/0)
![](https://wework.qpic.cn/wwpic/333904_NXY7ye_PTuWfimb_1589009168/0)
5、管理员支持在手机端-工作台-管理企业-应用发送消息
![](https://wework.qpic.cn/wwpic/191586_TekpjbOuQRS1__S_1589006589/0)

[成员如何发送公告/应用消息？]( https://open.work.weixin.qq.com/help2/pc/cat?person_id=1&doc_id=15205 ""成员如何发送公告/应用消息？"")"
0,通讯录查看权限功能介绍,"管理员可以在管理后台—我的企业—通讯录管理—通讯录查看权限中进行设置规则，通讯录查看权限支持设置“隐藏的部门/成员”、“限制查看外部门”、“限制查看所有人”。
![通讯录查看权限功能介绍](https://wework.qpic.cn/wwpic/61584_aw1z9JkEReKJf45_1582183367/0 ""通讯录查看权限功能介绍"")

[TOC]
### 一、通讯录查看权限规则生效优先级
1、	限制查看所有人 > 限制查看外部门 > 隐藏的部门
2、	成员>部门

### 二、	隐藏的部门/成员
1、	隐藏的是成员：单个成员无法被搜索到，也不会显示在组织架构中。
2、	隐藏的是部门
（a）其他人员无法查看该部门组织架构、搜索不到该部门以及该部门的成员。
（b）若被隐藏的部门里有成员属于多个部门，则该成员的该部门身份会被隐藏；例如成员存在A、B部门，A部门被隐藏了，通讯录中查看该成员资料时，只能在B部门找到该成员，在通讯录查看不到A部门。
（c）若隐藏的部门是根部门，规则不生效。
（d）若成员的所属部门包含被隐藏部门，则该成员在客户端可见被隐藏的部门。
3、	白名单
白名单的人可以看到被隐藏的部门/成员。

### 三、限制查看外部门
1、	添加单个部门/成员
（a）若成员存在多个部门，有一个部门未被限制，则规则不生效；
（b）若成员存在的多个部门都被限制了，则规则生效。
2、	若是添加部门+标签组合：如果标签内是添加的单个成员，则以成员的限制生效。
3、	若被限制的部门是根部门，规则不生效。
4、	规则里面添加的是单个成员，那么限制查看外部门的时候，这个成员只能看见本部门的通讯录；
规则里面设置的是成员的父部门，该成员在子部门里，那么子部门的成员可以看见本部门的通讯录以及父部门的通讯录。
5、	白名单
不被限制查看外部门的成员。

### 四、限制查看所有人
1、	添加单/多个成员：添加的成员无法查看企业通讯录（所有人），客户端表现为组织架构为空。
2、	添加单/多个部门：该部门下的成员无法查看企业通讯录，规则可见白名单编辑入口。
3、	若成员存在多个部门，有一个部门在白名单内，则该成员不受限制。
4、	若被限制的部门是根部门，则企业所有人都被限制查看所有人
5、	白名单
被限制的人和白名单内的人重复时，如果都是同级，则白名单规则生效；如果是部门和个人，则个人的所对应的规则生效。"
0,如何邀请成员使用，并共享万元企业红包/如何领取奖励红包？,"先盘点成员信息是在微信群、通讯录文件还是数据库里，企业微信将根据不同情况，提供多种灵活的邀请方式。

[TOC]
### 1.邀请成员加入企业的方式
**1.成员都在微信里，选择微信邀请成员**
在【通讯录】底部或右上角，找到“添加成员”

1）如果同事都在微信群里，则推荐分享链接至微信群。在【通讯录】底部或右上角，找到“添加成员”，分享到微信群，同事点击分享链接，再点击加入企业，即加入企业通讯录。

![](https://wework.qpic.cn/wwpic/307561_8MVihI88S7Ktj3o_1587393815/0)
2)如果同事大部分是你的 微信好友/手机号联系人，也可以选择“从微信/手机通讯录中添加”，在微信好友列表、或者手机通讯录列表中选择同事“添加”添加后，将直接添加至企业通讯录，并发送邀请使用的微信通知。
![](https://wework.qpic.cn/wwpic/787730_q_A15sSfQXifzI9_1587393839/0)
3) 还可选择“手动输入添加”，挨个添加员工手机号和姓名等字段，保证数据的准确性。

4)另外，在管理企业-成员加入-成员加入二维码，保存该二维码，可以直接分享至同事群，也可以打印出来，放在公司前台。
![](https://wework.qpic.cn/wwpic/433165_sxGe9kFOReuoHqz_1587439414/0)


**2.有通讯录文件（Excel/Word），一键“导入通讯录”**

1） 打开电脑，准备好通讯录文件，打开管理页面并登录 https://work.weixin.qq.com

2） 在底部找到“导入通讯录”入口：
![](https://wework.qpic.cn/wwpic/442432_Ipa_mddJTIOcGO0_1587439465/0)

3） 直接将准备好的通讯录文件拖拽进方框内，或者点击“上传文件”按钮选择所需导入的文件，完成一键导入。系统将智能识别并适配通讯录格式。
![](https://wework.qpic.cn/wwpic/991424_V2xmP94DQzKIQoW_1587439507/0)

4） 可能有少部分用户未识别，或者超过智能导入人数上限，可以点击“通讯录”选择“添加成员”或“批量导入”补充成员信息。
![](https://wework.qpic.cn/wwpic/134472_llVnCbtXQ-WfEyx_1587439664/0)
**3.如果通讯录在数据库，引导API导入**

如果企业需要使用API接口同步通讯录，需要管理员前往企业微信管理端-管理工具-通讯录同步里开启，并设置好通讯录的权限。详情请看
https://work.weixin.qq.com/help?person_id=1&doc_id=13115&from=search&helpType=
![](https://wework.qpic.cn/wwpic/702231_G8EEtksaRc2g8Eo_1587439691/0)

### 2.企业微信为助力企业邀请员工加入，还赠送了万元企业红包：
红包领取规则

####1） 企业领取规则
只要企业使用情况良好，将会自动赠送万元红包。管理员可在工作台-管理企业-奖励设置-成员加入领红包，检查企业是否已领用红包
![](https://wework.qpic.cn/wwpic/799988_9C7MfsfvSvO1EM8_1587439720/0)
也可前往企业微信管理端-管理工具-奖励，检查企业是否已领用红包
![](https://wework.qpic.cn/wwpic/86641_lQgcy698Qke75DI_1587439738/0)
####2） 员工领用规则：
●员工加入企业即可获得随机红包，每个员工限领一个。
![](https://wework.qpic.cn/wwpic/799224_El4rXOfpTmOeflm_1587439775/0)
● 每邀请1个同事，可再领1个红包，每个员工最多可领取10个邀请红包。

### 3.员工怎么邀请同事加入企业领取红包

1） 通讯录入口
员工可点击通讯录-邀请同事，或点击通讯录右上角按钮，邀请微信中的同事加入企业
![](https://wework.qpic.cn/wwpic/90309_H5UjVqg_T5Oe2ER_1587439803/0)
2） 奖励入口
员工可点击我-奖励，邀请同事加入企业共享红包
![](https://wework.qpic.cn/wwpic/730290_m8Zmap82TpmpmX7_1587439845/0)

3） 在其它任意入口邀请都算
除了通讯录和奖励，在使用企业微信的过程中，在任意入口成功邀请同事加入企业，均可共享10000元企业红包。

"
0,管理端操作日志可以查看哪些操作记录？,"1.操作日志支持查看的内容大致分为以下几种：成员与部门变更的、权限变更、企业信息管理、通讯录与聊天管理、外部联系人管理、应用变更以及其他操作；
注：通过接口新增成员可在管理端操作日志查看新增记录，通过接口删除成员，操作日志暂不支持记录。
2、操作日志支持查看近3个月的数据。
![](https://wework.qpic.cn/wwpic/756861_w8t29YMZR5acRDt_1626067935/0)"
0,互联企业功能的介绍,"[TOC]
### 1.互联企业圈是什么
1、企业圈：是一个封闭的以企业为单位的建立互联关子的圈子，圈子内的企业可以进行直接沟通及共享自建应用。
2、圈主：类似群主的概念，只有圈主才能邀请企业加入，圈主可以踢任意企业出圈子、同时也可以解散圈子；
3、圈子企业：圈子内的非圈主企业可以主动退出圈子
基本原则：所有在圈子内的企业可以选择企业内的部分架构及人员进入这个圈子，在圈子内的人员才能看到互联企业内其他企业的互联人员。企业间的查看权限是互相一致的。不可以在圈子内对某个企业设置一些可见规则。
4、一个企业最多加入圈子数 最多10个，一个圈子内的企业个数没有上限，一个圈子的互联人数最多到3w人。
### 2.如何加入互联企业
1、圈主可以发出邀请，圈主可通过二维码或url邀请企业超级管理员加入互联企业圈，一个邀请二维码只能加入一个企业，且24小时有效（当过期时提示：该邀请已失效，请联系管理员重新发出邀请；当二维码已经被用了，提示：该邀请已被其他企业使用，请联系管理员重新发出邀请。）
2、当企业超级管理员用企业微信扫码，发现已经在圈子内，则会提示“你已加入圈子，无需重复加入”；
3、当有企业加入了企业圈，则圈主企业的超级管理员会收到“企业微信团队”推送消息提醒。
![](https://wework.qpic.cn/wwpic/846823_S9JPrp1GRN23X45_1607327830/0)
### 3.如何解除互联
1、企业主动退出圈子，点击退出后，需要管理员扫码确认；扫码后需二次确认提示；提示：解除互联关系后将无法和互联企业进行沟通。并通过“企业微信团队”推送给圈主企业，消息内容：#企业简称#已解除互联企业关系。
2、圈主主动将企业踢出圈子，点击踢出后，需要管理员扫码确认；扫码后需二次确认提示；提示：解除与#企业简称#的互联关系后，与其有互联关系的企业将无法和该企业进行沟通。并通过“企业微信团队”推送给被踢出企业，消息内容：你已被#圈主企业简称#解除互联企业关系，将无法看到互联企业通讯录。
3、企业解散圈子，点击解散后，需要管理员扫码确认；扫码后二次确认提示；提示：解除所有企业互联关系后，所有企业都将无法相互沟通，操作不可恢复，确认解除？。并通过“企业微信团队”推送给所有圈子内的企业，消息内容：你已被#圈主企业简称#解除互联企业关系，将无法看到互联企业通讯录。
![](https://wework.qpic.cn/wwpic/745135_laNimvJ2QOawjNd_1607328662/0)"
0,帐号/userid是什么,"userid是企业成员账号，可以使用工号、手机号、邮箱等公司系统内统一的ID；目前仅支持由字母、数字及符号（.-_@）组成；填写后不会影响成员加入企业。主要用于管理员在导入成员、以及后续企业微信开放APi接口后作为唯一标识来识别成员。

可在管理后台【通讯录】->【成员信息】查看成员账号；管理员手机端【工作台】【管理企业】【编辑成员】查看成员账号。

为了避免在第三方服务的时候出现账号错乱，账号逻辑如下限制：
1、首次手动设置账号以后，则不允许修改。
2、若是企业微信系统自动生成的，则只允许修改一次。"
0,什么是员工服务,"- 员工服务功能支持添加员工服务帐号，向员工提供服务。员工可在公司通讯录上找到服务帐号并咨询问题。
- 企业微信内部客服账号，跟员工的个人企业微信号绑定，在个人账号会话中出现内部客服的特殊会话。而不是新开一个企业微信账号。
- 开启路径：管理后台-管理工具-员工服务-添加服务账号
- 完成客服账号信息设置并保存后，企业内员工即可在企业通讯录的“内部客服”一栏中找到该客服账号，并进行相关的咨询操作。
![](https://wework.qpic.cn/wwpic/680201_sRZ6RRcBQNuqA4i_1607322721/0)
![](https://wework.qpic.cn/wwpic/941336_ug2dlkLSRGSTlhh_1607323105/0)"
0,管理后台的素材库支持哪些类型的消息？各个类型的上限是多少？,"1.素材库支持的消息类型及各自上限如下：
（1）文字：上限1000个文字素材；每个素材支持600字；
（2）图片：上限1000个图片素材；支持gif、jpeg、 jpg、png、bmp格式；每个图片最大支持5m；
（3）语音：上限1000个语音素材；支持mp3、wma、wav、amr格式；每个语音文件最大支持5m，语音时长不可超过1分钟；
（4）文件：上限1000个文件素材；不支持cab、lzh、lzma、exe、scr、html、url、bin、vbs、asp、jsp、php、aspx、mht、eml、jar、bat、com、cmd，其余格式的文件都支持；每个文件最大支持20m；
（5）视频：上限1000个视频素材；支持rmvb、wmv、avi、mpg、mpeg、mp4、rm格式，每个视频文件最大支持20m； 
（6）图文：上限5000个图文素材；图文素材的正文内容暂无上限；
图文素材正文中插入图片最大支持5M；插入文档最大支持5M；插入音频最大支持20M；
添加附件最大支持20个附件，每个附件最大支持50M。

2.素材库的内容不操作删除即可一直保留。
温馨提示：群发消息时若选择了“不能分享且内容显示水印”，支持水印的格式文件有：txt、pdf、doc、docx、ppt、pptx、xls、xlsx、xml、jpg、jpeg、png、bmp、gif、mp4。"
0,为什么没有收到一周小结？,"1、企业“一周小结”的开关需要开启状态。
开启入口：管理后台-管理工具-一周小结
2、一周小结会在每周五下午6点左右推送，推送的时候在登录状态的企业才会收到推送，如果在这个推送时间未登录到这个企业的成员将不会收到。
3、下发推送的时候，如果成员使用的企业微信版本不是v2.4.22以上的话，则不会收到推送。
![](https://wework.qpic.cn/wwpic/170872_mpBN49PpQsC1PlF_1611125912/0)"
0,如何登录管理后台,"方式一：在电脑浏览器打开[官网](https://work.weixin.qq.com/ ""官网"")，点击页面右上角[企业登陆](https://work.weixin.qq.com/wework_admin/loginpage_wx?from=myhome ""企业登陆"")，可通过企业微信app的扫一扫或企业微信绑定的微信扫码登陆管理后台，扫码后需要在手机端点击确认登录。
目前仅超级管理员或分级管理员支持登陆管理后台。
![](https://wework.qpic.cn/wwpic/505380_V353peSvRXGZ9Bs_1587107575/0)
方式二：管理员在电脑端登陆企业微信，在企业微信界面左下角的菜单可点击进入管理后台。
![](https://wework.qpic.cn/wwpic/310053_0Qi_h4PdTCC4UcU_1587109150/0)
"
0,如何退出企业/删除企业微信账号,"[TOC]
### 主动退出企业：
手机端点击【消息页面左上角“三”】->【右下角设置】->【管理企业】->【点击对应企业“>”】->【退出企业】进行退出。
![](https://wework.qpic.cn/wwpic/499781_O130YdZhQB6PYGG_1642388648/0)


- 需注意，主动退出企业后，30天内若管理员未在通讯录进行邀请加入或已经邀请，成员未重新登录到对应的企业，30天后账号会被系统自动删除，被系统删除的帐号不可恢复。
![](https://wework.qpic.cn/wwpic/630897_iptHg0HFRgeY9Mw_1623307362/0)

### 删除企业微信账号：
可以联系管理员在管理后台点击【通讯录】找到需要删除的成员，勾选后，点击删除。
若帐号被删除后，14天内需要恢复，参与“数据保障计划”的企业可以联系数据服务团队工作人员咨询。详情见[“数据保障计划” 功能说明](https://open.work.weixin.qq.com/help2/pc/17088?person_id=1 ""“数据保障计划” 功能说明"")
![](https://wework.qpic.cn/wwpic/654841_-xHQMchyT0SFdpX_1623307372/0)

"
0,如何切换/进入已加入的企业？,"若成员属于多个企业，则登录企业微信APP后可在【消息页面->左上角】进入企业企业页面。
 ![](https://wework.qpic.cn/wwpic/273168_P6or7obmSjWpyr7_1626256244/0)"
0,什么是“个人组建团队”的企业微信？,"[TOC]
### 1.“个人组建团队”的注册入口在哪里？
在手机端创建企业页面底部可以看见“个人组建团队”入口，点击后需补充团队名称以及注册人姓名，即可注册成功。
![](https://wework.qpic.cn/wwpic/981866_5GlI6oxPREeEzYH_1626423277/0)

### 2.注册“个人组建团队”的企业微信有哪些应用功能？
目前“个人组建团队”的企业微信支持日程、微文档、微盘（容量20G）、通讯录、会议、代办、邮箱、直播、收藏、红包功能、添加外部联系人这些功能。

### 3.“个人组建团队”能否登录mac端？
“个人组建团队”暂不支持登录mac端。
![](https://wework.qpic.cn/wwpic/737941_TFB9l09dRpGJNMO_1626423771/0)

### 4.“个人组建团队”的微盘无法扩容，如何使用直播回放？
目前团队形态企业不支持扩容，若微盘容量被直播回放占满，建议直接注册企业，认证后微盘容量可增加至100G。未认证前20G，认证后自动扩容至100G

### 5.“个人组建团队”的常直播回放存储时长默认是多久？
目前是15天，暂不支持修改为永久存储。若需要长期保留的，可以提前在pc端进行下载。

### 6.“个人组建团队”的企业微信能否登录管理后台？
暂不支持web端管理，创建人可在客户端管理。

### 7.如何解散“个人组建团队”的企业微信？
注销入口：团队-团队管理-解散团队
注：注销后则无法继续登录，团队中对应的数据将会被清除，不可恢复，需谨慎操作。"
0,如何配置会议室？,"1、会议室预定需要企业管理员登录管理后台进行企业会议室资源的录入配置，可通过“应用管理”-“会议室”进入配置，支持手动添加与批量导入。
2、会议室支持的字段包括：会议室名称、可容纳人数、所在位置（包括城市、楼宇、楼层）、设备（包括电视、电话、投影、白板、视频）。配置所在位置的会议室，成员在预定时会优先匹配所在地附近的会议室资源。
3、会议室支持单独的使用范围配置。
4、会议室支持配置为须审批，即提交申请后须审批通过方可视为预定成功。
![](https://wework.qpic.cn/wwpic/704998_vk4AYeShSSuU0yN_1607496990/0)
![](https://wework.qpic.cn/wwpic/577754_-XZVpg8vQH6nezu_1607497001/0)"
0,收不到公告,"如果在企业微信内收不到系统的公告消息，请与管理员核实是否为以下原因
- 公告的应用可见范围是否有设置自己。
- 公告的发送范围是否有包含自己。

注意：企业微信的公告暂不支持在微信插件（原企业号）接收。
![](http://p.qpic.cn/pic_wework/113239357/6a6c9a7a6b038c9264ad8c90023ee9c5c8b1d9c18f88aa43/0)"
0,什么是快速会议？,"1、快速会议是指，允许一个人先快速启动会议，不需要选人才能发起。
2、快速会议可以快速分享到微信，邀请更多人员参会。
"
