KEY,URL
朋友圈信息流,https://ad.weixin.qq.com/guide/106
广告创建流程,https://ad.weixin.qq.com/guide/107
推广目标,https://ad.weixin.qq.com/guide/108
基础管理,https://ad.weixin.qq.com/guide/110
数据报表,https://ad.weixin.qq.com/guide/111
智能推荐产品介绍,https://ad.weixin.qq.com/guide/113
充值,https://ad.weixin.qq.com/guide/114
财务-退款,https://ad.weixin.qq.com/guide/115
开通广告账户,https://ad.weixin.qq.com/guide/116
智能优化,https://ad.weixin.qq.com/guide/117
服务商系统广告投放及数据查看,https://ad.weixin.qq.com/guide/123
服务商系统退款流程,https://ad.weixin.qq.com/guide/124
形态介绍,https://ad.weixin.qq.com/guide/132
形态介绍,https://ad.weixin.qq.com/guide/133
发票开具及财务政策,https://ad.weixin.qq.com/guide/134
公众号文章视频贴片广告,https://ad.weixin.qq.com/guide/143
公众号互选广告,https://ad.weixin.qq.com/guide/144
推广页,https://ad.weixin.qq.com/guide/145
推广页,https://ad.weixin.qq.com/guide/146
推广页,https://ad.weixin.qq.com/guide/147
推广页,https://ad.weixin.qq.com/guide/148
开发规范,https://ad.weixin.qq.com/guide/149
售卖策略,https://ad.weixin.qq.com/guide/150
微信广告自助投放系统介绍,https://ad.weixin.qq.com/guide/152
结案报告,https://ad.weixin.qq.com/guide/153
相关问题,https://ad.weixin.qq.com/guide/165
相关问题,https://ad.weixin.qq.com/guide/166
相关问题,https://ad.weixin.qq.com/guide/167
相关问题,https://ad.weixin.qq.com/guide/168
相关问题,https://ad.weixin.qq.com/guide/169
相关问题,https://ad.weixin.qq.com/guide/170
相关问题,https://ad.weixin.qq.com/guide/171
相关问题,https://ad.weixin.qq.com/guide/172
相关问题,https://ad.weixin.qq.com/guide/173
相关问题,https://ad.weixin.qq.com/guide/174
相关问题,https://ad.weixin.qq.com/guide/175
相关问题,https://ad.weixin.qq.com/guide/176
相关问题,https://ad.weixin.qq.com/guide/177
相关问题,https://ad.weixin.qq.com/guide/178
相关问题,https://ad.weixin.qq.com/guide/179
相关问题,https://ad.weixin.qq.com/guide/180
相关问题,https://ad.weixin.qq.com/guide/181
相关问题,https://ad.weixin.qq.com/guide/182
相关问题,https://ad.weixin.qq.com/guide/183
相关问题,https://ad.weixin.qq.com/guide/184
相关问题,https://ad.weixin.qq.com/guide/185
相关问题,https://ad.weixin.qq.com/guide/186
小程序Banner广告,https://ad.weixin.qq.com/guide/195
公众号文中广告,https://ad.weixin.qq.com/guide/196
智能优化,https://ad.weixin.qq.com/guide/197
智能优化,https://ad.weixin.qq.com/guide/198
相关问题,https://ad.weixin.qq.com/guide/199
相关问题,https://ad.weixin.qq.com/guide/200
人群管理高级功能,https://ad.weixin.qq.com/guide/223
小程序激励广告,https://ad.weixin.qq.com/guide/233
微信广告侵权投诉指引,https://ad.weixin.qq.com/guide/234
发票开具,https://ad.weixin.qq.com/guide/235
形态介绍,https://ad.weixin.qq.com/guide/236
相关问题,https://ad.weixin.qq.com/guide/288
创意规范,https://ad.weixin.qq.com/guide/308
电商推广规范,https://ad.weixin.qq.com/guide/309
广告位规范,https://ad.weixin.qq.com/guide/310
转化跟踪,https://ad.weixin.qq.com/guide/455
转化跟踪,https://ad.weixin.qq.com/guide/456
转化跟踪,https://ad.weixin.qq.com/guide/457
相关问题,https://ad.weixin.qq.com/guide/492
朋友圈信息流,https://ad.weixin.qq.com/guide/501
转化跟踪,https://ad.weixin.qq.com/guide/598
转化跟踪,https://ad.weixin.qq.com/guide/599
转化跟踪,https://ad.weixin.qq.com/guide/676
转化跟踪,https://ad.weixin.qq.com/guide/677
转化跟踪,https://ad.weixin.qq.com/guide/678
转化跟踪,https://ad.weixin.qq.com/guide/679
相关问题,https://ad.weixin.qq.com/guide/680
相关问题,https://ad.weixin.qq.com/guide/681
相关问题,https://ad.weixin.qq.com/guide/682
相关问题,https://ad.weixin.qq.com/guide/683
相关问题,https://ad.weixin.qq.com/guide/684
相关问题,https://ad.weixin.qq.com/guide/685
相关问题,https://ad.weixin.qq.com/guide/686
相关问题,https://ad.weixin.qq.com/guide/687
相关问题,https://ad.weixin.qq.com/guide/688
相关问题,https://ad.weixin.qq.com/guide/689
相关问题,https://ad.weixin.qq.com/guide/690
相关问题,https://ad.weixin.qq.com/guide/691
相关问题,https://ad.weixin.qq.com/guide/692
相关问题,https://ad.weixin.qq.com/guide/693
相关问题,https://ad.weixin.qq.com/guide/694
相关问题,https://ad.weixin.qq.com/guide/695
相关问题,https://ad.weixin.qq.com/guide/696
相关问题,https://ad.weixin.qq.com/guide/697
相关问题,https://ad.weixin.qq.com/guide/698
相关问题,https://ad.weixin.qq.com/guide/699
相关问题,https://ad.weixin.qq.com/guide/700
相关问题,https://ad.weixin.qq.com/guide/701
数据报表,https://ad.weixin.qq.com/guide/874
小程序插屏广告,https://ad.weixin.qq.com/guide/913
自动扩量,https://ad.weixin.qq.com/guide/1117
分场景流量变现解决方案,https://ad.weixin.qq.com/guide/1123
互联网电商服务,https://ad.weixin.qq.com/guide/1133
文化体育娱乐活动,https://ad.weixin.qq.com/guide/1135
家装家具,https://ad.weixin.qq.com/guide/1137
互联网其他服务,https://ad.weixin.qq.com/guide/1140
互联网内容资讯服务,https://ad.weixin.qq.com/guide/1141
软件工具,https://ad.weixin.qq.com/guide/1142
服饰鞋帽箱包,https://ad.weixin.qq.com/guide/1158
农林牧渔和采矿,https://ad.weixin.qq.com/guide/1160
出版发行,https://ad.weixin.qq.com/guide/1161
相关问题,https://ad.weixin.qq.com/guide/1184
公众号流量主,https://ad.weixin.qq.com/guide/1188
基础介绍,https://ad.weixin.qq.com/guide/1189
开通流程,https://ad.weixin.qq.com/guide/1190
开通流程,https://ad.weixin.qq.com/guide/1191
广告管理,https://ad.weixin.qq.com/guide/1192
广告管理,https://ad.weixin.qq.com/guide/1193
违规处罚,https://ad.weixin.qq.com/guide/1194
违规处罚,https://ad.weixin.qq.com/guide/1195
数据报表,https://ad.weixin.qq.com/guide/1230
智能诊断,https://ad.weixin.qq.com/guide/1231
招商加盟服务,https://ad.weixin.qq.com/guide/1627
相关问题,https://ad.weixin.qq.com/guide/1638
微信广告预审助手,https://ad.weixin.qq.com/guide/1674
数据报表,https://ad.weixin.qq.com/guide/1676
转化跟踪,https://ad.weixin.qq.com/guide/1680
优惠凭证,https://ad.weixin.qq.com/guide/1685
推广目标,https://ad.weixin.qq.com/guide/1686
转化跟踪,https://ad.weixin.qq.com/guide/1712
开具发票,https://ad.weixin.qq.com/guide/1748
新增门店,https://ad.weixin.qq.com/guide/1749
外层素材,https://ad.weixin.qq.com/guide/1750
充值,https://ad.weixin.qq.com/guide/1754
相关问题,https://ad.weixin.qq.com/guide/1761
智能托管,https://ad.weixin.qq.com/guide/1793
点评关联,https://ad.weixin.qq.com/guide/1795
相关问题,https://ad.weixin.qq.com/guide/1800
成本保障,https://ad.weixin.qq.com/guide/1831
腾讯广告游戏优选,https://ad.weixin.qq.com/guide/1833
转化跟踪,https://ad.weixin.qq.com/guide/1835
创意规范,https://ad.weixin.qq.com/guide/2007
创意规范,https://ad.weixin.qq.com/guide/2008
创意规范,https://ad.weixin.qq.com/guide/2010
房地产行业重点审核规则解读,https://ad.weixin.qq.com/guide/2012
电商大促季微信广告重点审核规则解读,https://ad.weixin.qq.com/guide/2015
电商广告商品创意，如何“夸而不假”,https://ad.weixin.qq.com/guide/2016
1-2月审核要点提示,https://ad.weixin.qq.com/guide/2024
朋友圈信息流,https://ad.weixin.qq.com/guide/2041
朋友圈信息流,https://ad.weixin.qq.com/guide/2060
朋友圈信息流,https://ad.weixin.qq.com/guide/2061
行业规范,https://ad.weixin.qq.com/guide/2063
普通食品广告虚假宣传违法案例,https://ad.weixin.qq.com/guide/2069
小程序格子广告,https://ad.weixin.qq.com/guide/2074
3-4月审核要点提示,https://ad.weixin.qq.com/guide/2221
数据统计,https://ad.weixin.qq.com/guide/2222
效率工具,https://ad.weixin.qq.com/guide/2223
财务结算,https://ad.weixin.qq.com/guide/2224
开具发票,https://ad.weixin.qq.com/guide/2225
数据统计相关问题,https://ad.weixin.qq.com/guide/2226
广告管理相关问题,https://ad.weixin.qq.com/guide/2227
财务结算相关问题,https://ad.weixin.qq.com/guide/2228
数据统计,https://ad.weixin.qq.com/guide/2229
上海市场监督管理局公布虚假违法广告典型案例,https://ad.weixin.qq.com/guide/2237
微信小游戏推广,https://ad.weixin.qq.com/guide/2239
智能优化,https://ad.weixin.qq.com/guide/2279
附近推,https://ad.weixin.qq.com/guide/2283
附近推,https://ad.weixin.qq.com/guide/2284
附近推,https://ad.weixin.qq.com/guide/2286
附近推,https://ad.weixin.qq.com/guide/2287
5月审核要点提示,https://ad.weixin.qq.com/guide/2294
推广页,https://ad.weixin.qq.com/guide/2297
6月审核要点提示,https://ad.weixin.qq.com/guide/2358
房产广告、普通食品广告虚假宣传违法案例,https://ad.weixin.qq.com/guide/2462
教育行业审核规则解读,https://ad.weixin.qq.com/guide/2466
小商店推广介绍,https://ad.weixin.qq.com/guide/2473
广告管理,https://ad.weixin.qq.com/guide/2475
广告管理,https://ad.weixin.qq.com/guide/2476
广告管理,https://ad.weixin.qq.com/guide/2477
创意规范,https://ad.weixin.qq.com/guide/2488
7月审核要点提示,https://ad.weixin.qq.com/guide/2517
8月审核规范调整同步,https://ad.weixin.qq.com/guide/2541
8月审核规范调整同步 （二）,https://ad.weixin.qq.com/guide/2555
转化跟踪,https://ad.weixin.qq.com/guide/2561
9月审核规范调整同步,https://ad.weixin.qq.com/guide/2583
8月审核要点提示,https://ad.weixin.qq.com/guide/2584
房产广告、二手车广告以及电商广告虚假宣传违法案例,https://ad.weixin.qq.com/guide/2594
游戏行业审核规则解读,https://ad.weixin.qq.com/guide/2602
支付订单详情页广告,https://ad.weixin.qq.com/guide/2800
智能优化,https://ad.weixin.qq.com/guide/2808
9月审核要点提示,https://ad.weixin.qq.com/guide/2816
10月审核规范调整同步,https://ad.weixin.qq.com/guide/2856
行业规范,https://ad.weixin.qq.com/guide/2868
